{"cameraMode":{"drawMode":0,"name":"Shaded","section":"Shading Mode"},"sceneLighting":true,"audioPlay":false,"sceneViewState":{"m_AlwaysRefresh":false,"showFog":true,"showSkybox":true,"showFlares":true,"showImageEffects":true,"showParticleSystems":true,"showVisualEffectGraphs":true,"m_FxEnabled":true},"in2DMode":false,"pivot":{"x":-0.21635591983795167,"y":3.7680745124816896,"z":0.01342955231666565},"rotation":{"x":-0.4145470857620239,"y":0.5701997876167297,"z":-0.4069069027900696,"w":-0.580906331539154},"size":25.209768295288087,"orthographic":false}